Model,Dataset,Accuracy,F1_score,Gap
LogisticRegression,Test,0.8463114754098361,0.7951822658334363,0.014258879781420708
