,precision,recall,f1-score,support
negative,0.8892355694227769,0.9318801089918256,0.9100585417775412,1835.0
neutral,0.715,0.6919354838709677,0.7032786885245902,620.0
positive,0.837037037037037,0.7167019027484144,0.7722095671981777,473.0
accuracy,0.8463114754098361,0.8463114754098361,0.8463114754098361,0.8463114754098361
macro avg,0.8137575354866047,0.7801724985370693,0.7951822658334363,2928.0
weighted avg,0.8439090807408859,0.8463114754098361,0.8440045547581188,2928.0
